東京,有楽町,0.8,東海道
有楽町,新橋,1.1,東海道
新橋,浜松町,1.2,東海道
浜松町,田町,1.5,東海道
田町,高輪ゲートウェイ,1.3,東海道
高輪ゲートウェイ,品川,0.9,東海道
品川,大井町,2.4,東海道
大井町,大森,2.2,東海道
大森,蒲田,3.0,東海道
蒲田,川崎,3.8,東海道
川崎,鶴見,3.5,東海道
鶴見,新子安,3.1,東海道
新子安,東神奈川,2.2,東海道
東神奈川,横浜,1.8,東海道
横浜,保土ケ谷,3.0,東海道
保土ケ谷,東戸塚,4.9,東海道
東戸塚,戸塚,4.2,東海道
戸塚,大船,5.6,東海道
大船,藤沢,4.6,東海道
藤沢,辻堂,3.7,東海道
辻堂,茅ケ崎,3.8,東海道
茅ケ崎,平塚,5.2,東海道
平塚,大磯,4.0,東海道
大磯,二宮,5.3,東海道
二宮,国府津,4.6,東海道
国府津,鴨宮,3.1,東海道
鴨宮,小田原,3.1,東海道
小田原,早川,2.1,東海道
早川,根府川,4.4,東海道
根府川,真鶴,5.4,東海道
真鶴,湯河原,3.3,東海道
湯河原,熱海,5.5,東海道
品川,大崎,2.0,山手
大崎,五反田,0.9,山手
五反田,目黒,1.2,山手
目黒,恵比寿,1.5,山手
恵比寿,渋谷,1.6,山手
渋谷,原宿,1.2,山手
原宿,代々木,1.5,山手
代々木,新宿,0.7,山手
新宿,新大久保,1.3,山手
新大久保,高田馬場,1.4,山手
高田馬場,目白,0.9,山手
目白,池袋,1.2,山手
池袋,大塚,1.8,山手
大塚,巣鴨,1.1,山手
巣鴨,駒込,0.7,山手
駒込,田端,1.6,山手
池袋,板橋,1.8,赤羽
板橋,十条,1.7,赤羽
十条,赤羽,2.0,赤羽
川崎,尻手,1.7,南武
尻手,矢向,0.9,南武
矢向,鹿島田,1.5,南武
鹿島田,平間,1.2,南武
平間,向河原,1.3,南武
向河原,武蔵小杉,0.9,南武
武蔵小杉,武蔵中原,1.7,南武
武蔵中原,武蔵新城,1.3,南武
武蔵新城,武蔵溝ノ口,2.2,南武
武蔵溝ノ口,津田山,1.2,南武
津田山,久地,1,南武
久地,宿河原,1.3,南武
宿河原,登戸,1.1,南武
登戸,中野島,2.2,南武
中野島,稲田堤,1.3,南武
稲田堤,矢野口,1.6,南武
矢野口,稲城長沼,1.7,南武
稲城長沼,南多摩,1.4,南武
南多摩,府中本町,2.4,南武
府中本町,分倍河原,0.9,南武
分倍河原,西府,1.2,南武
西府,谷保,1.6,南武
谷保,矢川,1.4,南武
矢川,西国立,1.3,南武
西国立,立川,1.2,南武
尻手,八丁畷,1.1,南武
八丁畷,川崎新町,0.9,南武
川崎新町,小田栄,0.7,南武
小田栄,浜川崎,1.4,南武
鶴見,国道,0.9,鶴見
国道,鶴見小野,0.6,鶴見
鶴見小野,弁天橋,0.9,鶴見
弁天橋,浅野,0.6,鶴見
浅野,安善,0.5,鶴見
安善,武蔵白石,0.6,鶴見
武蔵白石,浜川崎,1.6,鶴見
浜川崎,昭和,0.7,鶴見
昭和,扇町,0.6,鶴見
浅野,新芝浦,0.9,鶴見
新芝浦,海芝浦,0.8,鶴見
武蔵白石,大川,1.0,鶴見
府中本町,北府中,1.7,武蔵野
北府中,西国分寺,2.2,武蔵野
西国分寺,新小平,3.5,武蔵野
新小平,新秋津,5.6,武蔵野
新秋津,東所沢,2.7,武蔵野
東所沢,新座,4.0,武蔵野
新座,北朝霞,3.1,武蔵野
北朝霞,西浦和,5.0,武蔵野
西浦和,武蔵浦和,2.0,武蔵野
武蔵浦和,南浦和,1.9,武蔵野
南浦和,東浦和,3.7,武蔵野
東浦和,東川口,3.8,武蔵野
東川口,南越谷,4.3,武蔵野
南越谷,越谷レイクタウン,2.8,武蔵野
越谷レイクタウン,吉川,1.9,武蔵野
吉川,吉川美南,1.6,武蔵野
吉川美南,新三郷,1.5,武蔵野
新三郷,(武蔵)三郷,2.1,武蔵野
(武蔵)三郷,南流山,2,武蔵野
南流山,新松戸,2.1,武蔵野
新松戸,新八柱,4.1,武蔵野
新八柱,東松戸,2.4,武蔵野
東松戸,市川大野,1.9,武蔵野
市川大野,船橋法典,3,武蔵野
船橋法典,西船橋,2.9,武蔵野
東神奈川,大口,2.2,横浜
大口,菊名,2.6,横浜
菊名,新横浜,1.3,横浜
新横浜,小机,1.7,横浜
小机,鴨居,3.1,横浜
鴨居,中山,2.6,横浜
中山,十日市場,2.4,横浜
十日市場,長津田,2.0,横浜
長津田,成瀬,2.3,横浜
成瀬,町田,2.7,横浜
町田,古淵,2.8,横浜
古淵,淵野辺,2.7,横浜
淵野辺,矢部,0.8,横浜
矢部,相模原,1.8,横浜
相模原,(横)橋本,2.8,横浜
(横)橋本,相原,1.9,横浜
相原,八王子みなみ野,2.9,横浜
八王子みなみ野,片倉,1.4,横浜
片倉,八王子,2.6,横浜
横浜,桜木町,2.0,根岸
桜木町,関内,1.0,根岸
関内,石川町,0.8,根岸
石川町,山手,1.2,根岸
山手,(岸)根岸,2.1,根岸
(岸)根岸,磯子,2.4,根岸
磯子,新杉田,1.6,根岸
新杉田,洋光台,3.0,根岸
洋光台,港南台,1.9,根岸
港南台,本郷台,2.5,根岸
本郷台,大船,3.6,根岸
大船,北鎌倉,2.3,横須賀
北鎌倉,鎌倉,2.2,横須賀
鎌倉,逗子,3.9,横須賀
逗子,東逗子,2.0,横須賀
東逗子,田浦,3.4,横須賀
田浦,横須賀,2.1,横須賀
横須賀,衣笠,3.4,横須賀
衣笠,久里浜,4.6,横須賀
茅ケ崎,北茅ケ崎,1.3,相模
北茅ケ崎,香川,2.1,相模
香川,寒川,1.7,相模
寒川,宮山,2.1,相模
宮山,倉見,1.4,相模
倉見,門沢橋,1.4,相模
門沢橋,社家,1.6,相模
社家,厚木,2.6,相模
厚木,海老名,1.7,相模
海老名,入谷,3.0,相模
入谷,相武台下,1.7,相模
相武台下,下溝,2.9,相模
下溝,原当麻,1.3,相模
原当麻,番田,2.1,相模
番田,上溝,1.5,相模
上溝,南橋本,2.9,相模
熱海,来宮,1.2,伊東
来宮,伊豆多賀,4.8,伊東
伊豆多賀,網代,2.7,伊東
網代,宇佐美,4.3,伊東
宇佐美,伊東,3.9,伊東
神田,御茶ノ水,1.3,中央
御茶ノ水,水道橋,0.8,中央
水道橋,飯田橋,0.9,中央
飯田橋,市ケ谷,1.5,中央
市ケ谷,四ツ谷,0.8,中央
四ツ谷,信濃町,1.3,中央
信濃町,千駄ケ谷,0.7,中央
千駄ケ谷,代々木,1.0,中央
新宿,(中)大久保,1.4,中央
(中)大久保,東中野,1.1,中央
東中野,中野,1.9,中央
中野,高円寺,1.4,中央
高円寺,阿佐ケ谷,1.2,中央
阿佐ケ谷,荻窪,1.4,中央
荻窪,西荻窪,1.9,中央
西荻窪,吉祥寺,1.9,中央
吉祥寺,三鷹,1.6,中央
三鷹,武蔵境,1.6,中央
武蔵境,東小金井,1.7,中央
東小金井,武蔵小金井,1.7,中央
武蔵小金井,国分寺,2.3,中央
国分寺,西国分寺,1.4,中央
西国分寺,国立,1.7,中央
国立,立川,3.0,中央
立川,日野,3.3,中央
日野,豊田,2.3,中央
豊田,八王子,4.3,中央
八王子,西八王子,2.4,中央
西八王子,高尾,3.3,中央
高尾,相模湖,9.5,中央
相模湖,藤野,3.7,中央
藤野,上野原,3.5,中央
上野原,四方津,4.2,中央
四方津,梁川,3.6,中央
梁川,鳥沢,3.6,中央
鳥沢,猿橋,4.1,中央
猿橋,大月,2.5,中央
大月,初狩,6.1,中央
初狩,笹子,6.5,中央
笹子,甲斐大和,6.1,中央
甲斐大和,勝沼ぶどう郷,6.0,中央
勝沼ぶどう郷,塩山,4.4,中央
塩山,東山梨,3.2,中央
東山梨,山梨市,2.1,中央
山梨市,春日居町,2.8,中央
春日居町,石和温泉,2.8,中央
石和温泉,酒折,3.4,中央
酒折,甲府,2.9,中央
甲府,竜王,4.5,中央
竜王,塩崎,4.1,中央
塩崎,韮崎,4.3,中央
韮崎,新府,4.2,中央
新府,穴山,3.5,中央
穴山,日野春,5.4,中央
日野春,長坂,6.2,中央
長坂,小淵沢,7.4,中央
小淵沢,信濃境,4.5,中央
信濃境,富士見,4.7,中央
富士見,すずらんの里,3.2,中央
すずらんの里,青柳,1.9,中央
青柳,茅野,7.2,中央
茅野,上諏訪,6.7,中央
上諏訪,下諏訪,4.4,中央
下諏訪,岡谷,4.1,中央
岡谷,みどり湖,7.8,中央
みどり湖,塩尻,3.9,中央
岡谷,川岸,3.5,中央
川岸,辰野,6.0,中央
辰野,信濃川島,4.3,中央
信濃川島,(中)小野,4.0,中央
(中)小野,塩尻,9.9,中央
立川,西立川,1.9,青梅
西立川,東中神,0.8,青梅
東中神,中神,0.9,青梅
中神,昭島,1.4,青梅
昭島,拝島,1.9,青梅
拝島,牛浜,1.7,青梅
牛浜,福生,1.0,青梅
福生,羽村,2.1,青梅
羽村,小作,2.4,青梅
小作,河辺,1.8,青梅
河辺,東青梅,1.3,青梅
東青梅,青梅,1.3,青梅
青梅,宮ノ平,2.1,青梅
宮ノ平,日向和田,0.8,青梅
日向和田,石神前,1.0,青梅
石神前,二俣尾,1.2,青梅
二俣尾,軍畑,0.9,青梅
軍畑,沢井,1.4,青梅
沢井,御嶽,1.3,青梅
御嶽,川井,2.8,青梅
川井,古里,1.6,青梅
古里,鳩ノ巣,2.2,青梅
鳩ノ巣,白丸,1.4,青梅
白丸,奥多摩,2.0,青梅
拝島,熊川,1.1,五日市
熊川,東秋留,2.4,五日市
東秋留,秋川,2.2,五日市
秋川,武蔵引田,1.5,五日市
武蔵引田,武蔵増戸,1.3,五日市
武蔵増戸,武蔵五日市,2.6,五日市
八王子,北八王子,3.1,八高
北八王子,小宮,2.0,八高
小宮,拝島,4.8,八高
拝島,東福生,2.8,八高
東福生,箱根ケ崎,3.0,八高
箱根ケ崎,金子,4.8,八高
金子,東飯能,5.1,八高
東飯能,高麗川,5.5,八高
高麗川,毛呂,5.8,八高
毛呂,越生,2.7,八高
越生,明覚,5.2,八高
明覚,小川町,8.0,八高
小川町,竹沢,3.5,八高
竹沢,折原,4.0,八高
折原,寄居,3.6,八高
寄居,用土,4.5,八高
用土,松久,2.7,八高
松久,児玉,4.8,八高
児玉,丹荘,4.1,八高
丹荘,群馬藤岡,4.7,八高
群馬藤岡,北藤岡,3.7,八高
北藤岡,倉賀野,3.6,八高
小淵沢,甲斐小泉,7.1,小海
甲斐小泉,甲斐大泉,5.1,小海
甲斐大泉,清里,5.3,小海
清里,野辺山,5.9,小海
塩尻,広丘,3.8,篠ノ井
広丘,村井,3.0,篠ノ井
村井,平田,2.0,篠ノ井
平田,南松本,2.1,篠ノ井
南松本,松本,2.4,篠ノ井
松本,田沢,8.3,篠ノ井
田沢,明科,6.6,篠ノ井
明科,(篠)西条,9.0,篠ノ井
(篠)西条,坂北,3.7,篠ノ井
坂北,聖高原,4.1,篠ノ井
聖高原,冠着,3.3,篠ノ井
冠着,姨捨,5.9,篠ノ井
姨捨,稲荷山,8.7,篠ノ井
稲荷山,篠ノ井,3.8,篠ノ井
篠ノ井,今井,2.1,信越
今井,川中島,2.2,信越
川中島,安茂里,2.1,信越
安茂里,長野,2.9,信越
東京,神田,1.3,東北
神田,秋葉原,0.7,東北
秋葉原,御徒町,1.0,東北
御徒町,上野,0.6,東北
上野,鶯谷,1.1,東北
鶯谷,日暮里,1.1,東北
日暮里,西日暮里,0.5,東北
西日暮里,田端,0.8,東北
田端,上中里,1.7,東北
上中里,王子,1.1,東北
王子,東十条,1.5,東北
東十条,赤羽,1.8,東北
赤羽,川口,2.6,東北
川口,西川口,2.0,東北
西川口,蕨,1.9,東北
蕨,南浦和,2.8,東北
南浦和,浦和,1.7,東北
浦和,北浦和,1.8,東北
北浦和,与野,1.6,東北
与野,さいたま新都心,1.1,東北
さいたま新都心,大宮,1.6,東北
大宮,土呂,3.0,東北
土呂,東大宮,2.1,東北
東大宮,蓮田,3.8,東北
蓮田,白岡,4.3,東北
白岡,新白岡,2.4,東北
新白岡,久喜,3.0,東北
久喜,東鷲宮,2.7,東北
東鷲宮,栗橋,5.6,東北
栗橋,古河,7.5,東北
古河,野木,4.7,東北
野木,間々田,3.9,東北
間々田,小山,7.3,東北
小山,小金井,7.5,東北
小金井,自治医大,2.6,東北
自治医大,石橋,4.7,東北
石橋,雀宮,6.4,東北
雀宮,宇都宮,7.7,東北
宇都宮,岡本,6.2,東北
岡本,宝積寺,5.5,東北
宝積寺,氏家,5.9,東北
氏家,蒲須坂,4.5,東北
蒲須坂,片岡,3.9,東北
片岡,矢板,6.3,東北
矢板,(北)野崎,4.8,東北
(北)野崎,西那須野,5.2,東北
西那須野,那須塩原,6.0,東北
那須塩原,黒磯,5.5,東北

日暮里,三河島,1.2,常磐
三河島,南千住,2.2,常磐
南千住,北千住,1.8,常磐
北千住,綾瀬,2.5,常磐
綾瀬,亀有,2.2,常磐
亀有,金町,1.9,常磐
金町,松戸,3.9,常磐
松戸,北松戸,2.1,常磐
北松戸,馬橋,1.3,常磐
馬橋,新松戸,1.6,常磐
新松戸,北小金,1.3,常磐
北小金,南柏,2.5,常磐
南柏,柏,2.4,常磐
柏,北柏,2.3,常磐
北柏,我孫子,2.1,常磐
我孫子,天王台,2.7,常磐
天王台,取手,3.4,常磐
取手,藤代,6.0,常磐
藤代,龍ケ崎市,2.1,常磐
龍ケ崎市,牛久,5.1,常磐
牛久,ひたち野うしく,3.9,常磐
ひたち野うしく,荒川沖,2.7,常磐
荒川沖,土浦,6.6,常磐
土浦,神立,6.1,常磐
神立,高浜,6.5,常磐
高浜,石岡,3.6,常磐
石岡,羽鳥,6.5,常磐
羽鳥,岩間,5.4,常磐
岩間,友部,6.9,常磐
友部,内原,4.7,常磐
内原,赤塚,5.8,常磐
赤塚,水戸,6.0,常磐
水戸,勝田,5.8,常磐
勝田,佐和,4.2,常磐
佐和,東海,4.7,常磐
東海,大甕,7.4,常磐
大甕,常陸多賀,4.6,常磐
常陸多賀,日立,4.9,常磐
日立,小木津,5.5,常磐
小木津,十王,4.2,常磐
十王,高萩,5.9,常磐
高萩,南中郷,4.5,常磐
南中郷,磯原,4.6,常磐
磯原,大津港,7.1,常磐
大津港,勿来,4.5,常磐
勿来,植田,4.6,常磐
植田,泉,7.2,常磐
泉,湯本,6.5,常磐
湯本,内郷,3.5,常磐
内郷,いわき,4.4,常磐
いわき,草野,5.4,常磐
草野,四ツ倉,4.4,常磐
四ツ倉,久ノ浜,4.8,常磐
久ノ浜,末続,3.6,常磐
末続,広野,4.8,常磐
広野,Jヴィレッジ,3.5,常磐
Jヴィレッジ,木戸,1.9,常磐
木戸,竜田,3.1,常磐
竜田,富岡,6.9,常磐
富岡,夜ノ森,5.2,常磐
夜ノ森,大野,4.9,常磐
大野,双葉,5.8,常磐
双葉,浪江,4.9,常磐
水戸,常陸青柳,1.9,水郡
常陸青柳,常陸津田,2.2,水郡
常陸津田,後台,2.4,水郡
後台,下菅谷,1.3,水郡
下菅谷,中菅谷,1.2,水郡
中菅谷,上菅谷,1.1,水郡
上菅谷,常陸鴻巣,3.3,水郡
常陸鴻巣,瓜連,3.3,水郡
瓜連,静,1.4,水郡
静,常陸大宮,5.3,水郡
常陸大宮,玉川村,5.4,水郡
玉川村,野上原,3.7,水郡
野上原,山方宿,2.7,水郡
山方宿,中舟生,2.7,水郡
中舟生,下小川,2.8,水郡
下小川,西金,3.4,水郡
西金,上小川,3.2,水郡
上小川,袋田,4.5,水郡
袋田,常陸大子,3.8,水郡
大宮,(川)日進,3.7,川越
(川)日進,西大宮,2.6,川越
西大宮,指扇,1.4,川越
指扇,南古谷,4.7,川越
南古谷,川越,3.7,川越
川越,西川越,2.6,川越
西川越,的場,2.2,川越
的場,笠幡,2.9,川越
笠幡,武蔵高萩,3.2,川越
武蔵高萩,高麗川,3.6,川越
大宮,宮原,4.0,高崎
宮原,上尾,4.2,高崎
上尾,北上尾,1.7,高崎
北上尾,桶川,1.9,高崎
桶川,北本,4.6,高崎
北本,鴻巣,3.6,高崎
鴻巣,北鴻巣,4.3,高崎
北鴻巣,吹上,3.0,高崎
吹上,行田,2.3,高崎
行田,熊谷,4.8,高崎
熊谷,籠原,6.6,高崎
籠原,深谷,4.8,高崎
深谷,岡部,4.3,高崎
岡部,本庄,5.6,高崎
本庄,神保原,4.0,高崎
神保原,新町,4.5,高崎
新町,倉賀野,6.1,高崎
倉賀野,高崎,4.4,高崎
高崎,高崎問屋町,2.8,上越
高崎問屋町,井野,1.2,上越
井野,新前橋,3.3,上越
新前橋,群馬総社,4.8,上越
群馬総社,八木原,5.6,上越
八木原,渋川,3.4,上越
渋川,敷島,6.4,上越
敷島,津久田,3.0,上越
津久田,岩本,5.8,上越
岩本,沼田,5.1,上越
沼田,後閑,5.2,上越
後閑,上牧,7.1,上越
上牧,水上,5.4,上越
渋川,金島,5.5,吾妻
金島,祖母島,2.2,吾妻
祖母島,小野上,4.2,吾妻
小野上,小野上温泉,1.8,吾妻
小野上温泉,市城,2.7,吾妻
市城,中之条,3.4,吾妻
中之条,群馬原町,3.1,吾妻
群馬原町,郷原,3.4,吾妻
郷原,矢倉,1.7,吾妻
矢倉,岩島,2.5,吾妻
岩島,川原湯温泉,6.5,吾妻
川原湯温泉,長野原草津口,5.0,吾妻
長野原草津口,群馬大津,2.2,吾妻
群馬大津,羽根尾,2.2,吾妻
羽根尾,袋倉,2.9,吾妻
袋倉,万座・鹿沢口,2.9,吾妻
万座・鹿沢口,大前,3.1,吾妻
小山,思川,5.4,両毛
思川,栃木,5.4,両毛
栃木,大平下,4.4,両毛
大平下,岩舟,4.1,両毛
岩舟,佐野,7.3,両毛
佐野,(両)富田,4.5,両毛
(両)富田,あしかがフラワーパーク,0.9,両毛
あしかがフラワーパーク,足利,6.2,両毛
足利,山前,4.5,両毛
山前,小俣,4.6,両毛
小俣,桐生,5.6,両毛
桐生,岩宿,4.0,両毛
岩宿,国定,6.4,両毛
国定,伊勢崎,5.8,両毛
伊勢崎,駒形,5.8,両毛
駒形,前橋大島,3.2,両毛
前橋大島,前橋,3.8,両毛
前橋,新前橋,2.5,両毛
小山,小田林,4.9,水戸
小田林,結城,1.7,水戸
結城,東結城,1.7,水戸
東結城,川島,2.1,水戸
川島,玉戸,2.1,水戸
玉戸,下館,3.7,水戸
下館,新治,6.1,水戸
新治,大和,3.6,水戸
大和,岩瀬,3.7,水戸
岩瀬,羽黒,3.2,水戸
羽黒,福原,4.2,水戸
福原,稲田,3.1,水戸
稲田,笠間,3.2,水戸
笠間,宍戸,5.2,水戸
宍戸,友部,1.7,水戸
宇都宮,鶴田,4.8,日光
鶴田,鹿沼,9.5,日光
鹿沼,文挟,8.1,日光
文挟,下野大沢,5.8,日光
下野大沢,今市,5.7,日光
今市,日光,6.6,日光
宝積寺,下野花岡,3.9,烏山
下野花岡,(烏)仁井田,2.0,烏山
(烏)仁井田,鴻野山,2.4,烏山
鴻野山,大金,4.4,烏山
大金,小塙,2.6,烏山
小塙,(烏)滝,2.2,烏山
(烏)滝,烏山,2.9,烏山
高崎,北高崎,2.4,信越
北高崎,群馬八幡,4.0,信越
群馬八幡,安中,4.2,信越
安中,磯部,7.0,信越
磯部,松井田,5.1,信越
松井田,西松井田,1.2,信越
西松井田,(信)横川,5.8,信越
東京,新日本橋,1.2,総武
新日本橋,馬喰町,1.1,総武
馬喰町,錦糸町,2.5,総武
錦糸町,亀戸,1.5,総武
亀戸,平井,1.9,総武
平井,新小岩,1.8,総武
新小岩,小岩,2.8,総武
小岩,市川,2.6,総武
市川,本八幡,2.0,総武
本八幡,下総中山,1.6,総武
下総中山,西船橋,1.6,総武
西船橋,船橋,2.6,総武
船橋,東船橋,1.8,総武
東船橋,津田沼,1.7,総武
津田沼,幕張本郷,2.9,総武
幕張本郷,幕張,2.0,総武
幕張,新検見川,1.6,総武
新検見川,稲毛,2.7,総武
稲毛,西千葉,1.9,総武
西千葉,千葉,1.4,総武
千葉,東千葉,0.9,総武
東千葉,都賀,3.3,総武
都賀,四街道,3.5,総武
四街道,物井,4.2,総武
物井,佐倉,4.2,総武
佐倉,南酒々井,4.0,総武
南酒々井,榎戸,2.9,総武
榎戸,八街,3.7,総武
八街,日向,5.8,総武
日向,成東,5.2,総武
成東,松尾,5.6,総武
松尾,横芝,4.3,総武
横芝,飯倉,3.8,総武
飯倉,八日市場,3.1,総武
八日市場,干潟,5.1,総武
干潟,(総)旭,4.8,総武
(総)旭,飯岡,2.7,総武
飯岡,倉橋,2.9,総武
倉橋,猿田,2.6,総武
猿田,松岸,5.5,総武
松岸,銚子,3.2,総武
錦糸町,両国,1.5,総武
両国,浅草橋,0.8,総武
浅草橋,秋葉原,1.1,総武
秋葉原,御茶ノ水,0.9,総武
東京,八丁堀,1.2,京葉
八丁堀,越中島,1.6,京葉
越中島,潮見,2.6,京葉
潮見,新木場,2.0,京葉
新木場,葛西臨海公園,3.2,京葉
葛西臨海公園,舞浜,2.1,京葉
舞浜,新浦安,3.4,京葉
新浦安,市川塩浜,2.1,京葉
市川塩浜,二俣新町,4.4,京葉
二俣新町,南船橋,3.4,京葉
南船橋,新習志野,2.3,京葉
新習志野,幕張豊砂,1.7,京葉
幕張豊砂,海浜幕張,1.7,京葉
海浜幕張,検見川浜,2.0,京葉
検見川浜,稲毛海岸,1.6,京葉
稲毛海岸,千葉みなと,3.7,京葉
千葉みなと,蘇我,4.0,京葉
市川塩浜,西船橋,5.9,京葉
西船橋,南船橋,5.4,京葉
千葉,本千葉,1.4,外房
本千葉,蘇我,2.4,外房
蘇我,鎌取,5.0,外房
鎌取,誉田,3.8,外房
誉田,土気,5.5,外房
土気,大網,4.8,外房
大網,永田,2.4,外房
永田,本納,2.4,外房
本納,新茂原,3.7,外房
新茂原,茂原,2.9,外房
茂原,八積,4.6,外房
八積,上総一ノ宮,4.1,外房
上総一ノ宮,東浪見,3.2,外房
東浪見,太東,3.1,外房
太東,長者町,2.8,外房
長者町,三門,1.6,外房
三門,大原,3.5,外房
大原,浪花,3.3,外房
浪花,御宿,4.9,外房
御宿,勝浦,5.5,外房
勝浦,鵜原,3.6,外房
鵜原,上総興津,2.7,外房
上総興津,行川アイランド,3.3,外房
行川アイランド,安房小湊,3.8,外房
安房小湊,安房天津,3.4,外房
安房天津,安房鴨川,5.6,外房
蘇我,浜野,3.4,内房
浜野,八幡宿,2.2,内房
八幡宿,五井,3.7,内房
五井,姉ケ崎,5.8,内房
姉ケ崎,長浦,5.4,内房
長浦,袖ケ浦,3.9,内房
袖ケ浦,巌根,3.1,内房
巌根,木更津,3.8,内房
木更津,君津,7.0,内房
君津,青堀,3.7,内房
青堀,大貫,4.6,内房
大貫,佐貫町,4.1,内房
佐貫町,上総湊,4.4,内房
上総湊,竹岡,5.1,内房
竹岡,浜金谷,3.8,内房
浜金谷,保田,3.5,内房
保田,安房勝山,3.3,内房
安房勝山,岩井,2.9,内房
岩井,(房)富浦,6.1,内房
(房)富浦,那古船形,2.3,内房
那古船形,館山,3.8,内房
館山,九重,5.8,内房
九重,千倉,4.9,内房
千倉,(房)千歳,2.0,内房
(房)千歳,南三原,3.6,内房
南三原,和田浦,4.6,内房
和田浦,江見,4.6,内房
江見,太海,4.6,内房
太海,安房鴨川,3.4,内房
佐倉,酒々井,6.4,成田
酒々井,成田,6.7,成田
成田,久住,6.9,成田
久住,滑河,5.5,成田
滑河,下総神崎,6.1,成田
下総神崎,大戸,4.5,成田
大戸,佐原,3.9,成田
佐原,香取,3.6,成田
香取,水郷,3.9,成田
水郷,小見川,5.2,成田
小見川,笹川,5.0,成田
笹川,下総橘,5.2,成田
下総橘,下総豊里,3.3,成田
下総豊里,椎柴,4.8,成田
椎柴,松岸,4.4,成田
成田,空港第2ビル,9.8,成田
空港第2ビル,成田空港,1.0,成田
我孫子,東我孫子,3.4,成田
東我孫子,湖北,2.9,成田
湖北,新木,2.6,成田
新木,布佐,3.2,成田
布佐,木下,1.9,成田
木下,(成)小林,4.3,成田
(成)小林,安食,4.9,成田
安食,下総松崎,4.6,成田
下総松崎,成田,5.1,成田
香取,十二橋,3.0,鹿島
十二橋,潮来,2.2,鹿島
潮来,延方,5.2,鹿島
延方,鹿島神宮,3.8,鹿島
鹿島神宮,（臨）鹿島サッカースタジアム,3.2,鹿島
木更津,祇園,2.6,久留里
祇園,上総清川,1.6,久留里
上総清川,東清川,1.9,久留里
東清川,横田,3.2,久留里
横田,東横田,1.5,久留里
東横田,馬来田,3.1,久留里
馬来田,下郡,1.3,久留里
下郡,小櫃,3.0,久留里
小櫃,俵田,1.8,久留里
俵田,久留里,2.6,久留里
久留里,平山,3.1,久留里
平山,上総松丘,2.6,久留里
上総松丘,上総亀山,3.9,久留里
大網,福俵,3.3,東金
福俵,東金,2.5,東金
東金,求名,3.8,東金
求名,成東,4.2,東金
